timestamp,drift_rate,vins_x,vins_y
1744599339.8624463,0.7795790788629433,-0.508861127797353,-0.0322206197278529
1744599339.929145,0.7882215120498338,-0.5077084244561652,-0.03605878690339314
1744599339.9958436,0.7918277325584364,-0.5025199412206671,-0.03298871470538172
1744599340.0625424,0.7931032126764647,-0.5008205770790151,-0.029057751091939844
1744599340.1292412,0.8011261207923427,-0.4993358866381493,-0.03245277438776331
1744599340.19594,0.8227255831253518,-0.4983526166022585,-0.04735476528240645
1744599340.2626383,0.8305711835435436,-0.4989533973675309,-0.05158608337474678
1744599340.3293371,0.8209213079662208,-0.4982265156608926,-0.03758041947127441
1744599340.3960357,0.8351467625470699,-0.4935980638350561,-0.04427938020204451
1744599340.4627342,0.8487145784685212,-0.486429643490895,-0.04774432300237487
1744599340.5294325,0.8671543597414751,-0.4781640732546739,-0.05176745305270389
1744599340.596131,0.8747241028829698,-0.47519453758731456,-0.04898573514618078
1744599340.6628299,0.8877430280964979,-0.47489621675031446,-0.05947458701389606
1744599340.7295284,0.8942785335683635,-0.4760562365939586,-0.06359692737309988
1744599340.7962267,0.903755943893693,-0.47356198495551494,-0.06458774934450885
1744599340.8629253,0.9154769992189024,-0.46682615978596453,-0.06633353330703239
1744599340.9296238,0.9264850178657038,-0.4627886899833435,-0.06901209043727803
1744599340.9963224,0.9372243274770404,-0.46082480973483875,-0.07226464629292076
1744599341.063021,0.9539115045373103,-0.45828534335147053,-0.08535957367942305
1744599341.1297195,0.9674665540075142,-0.4586349956278186,-0.09160129483423599
1744599341.196418,0.9755201459003207,-0.45685275792835195,-0.08946712608398709
1744599341.2631166,0.987738744826669,-0.45371079020682803,-0.09362404917857046
1744599341.3298151,0.9997517169188908,-0.45024675934663705,-0.09774406364304464
1744599341.3965137,1.0134171845863056,-0.44672400183030253,-0.10048638774754402
1744599341.4632125,1.02435264956453,-0.4443225481973907,-0.10303532750050154
1744599341.5299108,1.0364949020084906,-0.4416137179766546,-0.10675862133658574
1744599341.5966094,1.0504291791147684,-0.44116000536906685,-0.10842986559266404
1744599341.6633081,1.060953130053013,-0.4390149352595575,-0.10913124315047672
1744599341.7300067,1.0755745726409085,-0.43589881604262015,-0.10993333615901067
1744599341.796705,1.0866308502590172,-0.43239855351312584,-0.10951708958920828
1744599341.8634036,1.0977059130069755,-0.4295139773308814,-0.11006583795970774
1744599341.9301023,1.1076159411448294,-0.42859486220533555,-0.11059375684213589
1744599341.996801,1.1180948308380576,-0.42938755358238223,-0.11062565985661159
1744599342.0634992,1.124528884319364,-0.42940117709912934,-0.11100187588827429
1744599342.1301978,1.140818111457747,-0.42360819041044995,-0.11376853275509523
1744599342.1968963,1.1525572600524348,-0.42102395028480316,-0.11552549866567273
1744599342.263597,1.1627291210315918,-0.4174554354299397,-0.11259423493930922
1744599342.3302991,1.174996807423099,-0.4157625689001367,-0.1101514628397778
1744599342.3970015,1.1839920691701613,-0.4125574944395004,-0.10743997842617521
1744599342.4637036,1.1904041839665347,-0.4122361353944389,-0.11094510628203434
1744599342.530406,1.2102879714637578,-0.40702658903800676,-0.1162797566102428
1744599342.5971086,1.223309692402022,-0.4029754078580295,-0.11697521316104159
1744599342.663811,1.234896140484245,-0.4008667061983748,-0.11733512298346797
1744599342.7305136,1.238009440566548,-0.40115325138448565,-0.11812563488588802
1744599342.7972162,1.2475660439233247,-0.4007039696293967,-0.120710921453702
1744599342.8639188,1.258231493564781,-0.399070196943612,-0.12418436568688297
1744599342.9306216,1.2643861049044829,-0.39819585491940923,-0.12200680109006583
1744599342.9973242,1.2733393951803496,-0.3976101296674736,-0.1218329079955289
1744599343.064027,1.2851399068794238,-0.3958956917559409,-0.12515561806304326
1744599343.13073,1.3039555807030863,-0.3921178214530661,-0.13332725624260994
1744599343.1974328,1.3126290316437532,-0.39130381770543865,-0.13275451734847232
1744599343.264133,1.3207205374759807,-0.39007624164614596,-0.1305480016799045
1744599343.3308313,1.3288383084494004,-0.387691039170921,-0.1348697541649223
1744599343.3975294,1.3316619629444748,-0.3902184220048049,-0.13196926386425195
1744599343.4642274,1.3432326553591902,-0.3900325741933619,-0.14003748946614844
1744599343.5309255,1.359251311794907,-0.3892201702482014,-0.14157344813400347
1744599343.5976238,1.367279158606762,-0.38927629071913916,-0.14082302417316875
1744599343.6643217,1.3762950784237424,-0.38832993381964376,-0.14014992212732336
1744599343.7310197,1.3903550322993528,-0.3866510246147955,-0.14292910030786687
1744599343.797718,1.4123184944105545,-0.38167624160896774,-0.14845381556567788
1744599343.8644161,1.4210664725191113,-0.38096378983441703,-0.1458086584581673
1744599343.931114,1.4343859674363713,-0.37976238247333394,-0.14479079874481818
1744599343.997812,1.4402304728199904,-0.3803481539722241,-0.14187429000470123
1744599344.06451,1.4494820203076888,-0.3815763918899865,-0.14553107138093868
1744599344.1312082,1.463219850848003,-0.3791074281641444,-0.14608516538047364
1744599344.1979063,1.4718104576973008,-0.3788672021570497,-0.14373918904101315
1744599344.2646055,1.4786509795891694,-0.3783788511399738,-0.1373224116922195
1744599344.331306,1.4849433650760007,-0.38014907210319526,-0.12842458569120316
1744599344.3980064,1.5041536775961992,-0.3801285160855481,-0.12394038397387394
1744599344.464707,1.5150163927246236,-0.3779658864847172,-0.12310071407303451
1744599344.531407,1.5276391976825092,-0.37669709389920164,-0.12090583423181103
1744599344.5981078,1.5365530505325582,-0.37593848081564496,-0.11502173970065066
1744599344.6648083,1.5504374286452998,-0.37192220104752804,-0.1169549853577373
1744599344.731509,1.5595533043657088,-0.372773167281491,-0.1134811369832878
1744599344.7982097,1.5777433591135044,-0.36770397485742856,-0.1209555650130412
1744599344.8649104,1.5884448726709242,-0.36704429854744697,-0.11839776578981054
1744599344.9316108,1.6000837977237432,-0.36413480597037684,-0.11367507150783535
1744599344.9983118,1.6162424345330995,-0.35949046681582575,-0.11123247337597737
1744599345.0650125,1.6297690861788574,-0.35706123185735134,-0.1098568997799436
1744599345.1317132,1.6653085213670518,-0.3510936651175923,-0.11536261843076123
1744599345.1984138,1.6792809214353475,-0.3483551056548836,-0.11376800690862424
1744599345.2651193,1.6894499623403358,-0.34675457021940537,-0.10976743975668535
1744599345.331831,1.6978628126228048,-0.34731790176173816,-0.1040759344199829
1744599345.3985426,1.7078086029572217,-0.345586929714726,-0.10619136262948287
1744599345.4652548,1.724021052125624,-0.34564514564957927,-0.10538867757196971
1744599345.531967,1.7371215646709706,-0.3441919400769612,-0.10198446996835042
1744599345.5986793,1.748257573948124,-0.3418032180532971,-0.09872209446540131
1744599345.665392,1.7760896780153168,-0.3332482205750895,-0.10505110014401602
1744599345.7321045,1.7852014630156652,-0.3347139274141603,-0.09612881084257478
1744599345.7988172,1.7941464309319084,-0.3349883074807263,-0.09223297554270128
1744599345.8655303,1.8105535319184667,-0.3302693269768239,-0.09465482859059711
1744599345.9322433,1.8244020619781367,-0.32928714739084813,-0.09226827056598788
1744599345.9989564,1.838602890532435,-0.3277298158416999,-0.09391436751567077
1744599346.06567,1.8495361493440947,-0.32730950456972724,-0.09324722300361951
1744599346.1323836,1.8635145291725048,-0.32619944473824836,-0.09053837825744723
1744599346.1990974,1.880232709551621,-0.32157418949787153,-0.09959075800070313
1744599346.2658067,1.8881425006594923,-0.3215515013794373,-0.09261628965373639
1744599346.3658624,1.9057257764251687,-0.3195974823619107,-0.0842540454757971
1744599346.4325662,1.9236572211198226,-0.3171690937593117,-0.08308362532585269
1744599346.4992704,1.9281966230918393,-0.3167941954023657,-0.08650669701323067
1744599346.5659747,1.9445234252531158,-0.3117829464172399,-0.08408339804530245
1744599346.6660316,1.9707477387613026,-0.3076341877506458,-0.08289918057545598
1744599346.7327359,1.989007023764315,-0.30653261221469646,-0.08220840746620534
1744599346.7994404,2.0171479567578556,-0.305259854646944,-0.08304198949204612
1744599346.8661451,2.0281154842493074,-0.30586337347356995,-0.0785246676503862
1744599346.9328496,2.047091830474104,-0.3047344247641901,-0.07837059475377672
1744599346.9995542,2.071886451343684,-0.29889437733481083,-0.08337540810589826
1744599347.0662591,2.0822887810398067,-0.30064725547005183,-0.07967934074405955
1744599347.132964,2.0989494364201153,-0.30044418691991126,-0.07568817757617262
1744599347.1996686,2.113235840167062,-0.29810382364573107,-0.07203228041840733
1744599347.26637,2.1288409538656463,-0.29625126471759944,-0.07092644406532049
1744599347.3330662,2.143504522479876,-0.2973786134257021,-0.06873030641981373
1744599347.3997624,2.1591554779940556,-0.2965303283265673,-0.07283054802472874
1744599347.4664586,2.1696735582404036,-0.29788154160180336,-0.06672328224763752
1744599347.5331547,2.1898332446040016,-0.2956000408224016,-0.06738439546005746
1744599347.599851,2.21594157420582,-0.2892200329991105,-0.07969098289469714
1744599347.6665468,2.2272570692239992,-0.2914608780141267,-0.07465217247736802
1744599347.7332428,2.2455028979342693,-0.2933225912756278,-0.07250322030232147
1744599347.7999387,2.250908921982863,-0.2929697699319345,-0.07306498889388274
1744599347.8666346,2.2740756810155265,-0.28759362514698034,-0.0843424622179105
1744599347.9333303,2.292054792520508,-0.28729219748857854,-0.08320485497377451
1744599348.0000262,2.304750837353607,-0.2876625573458187,-0.07953700221645396
1744599348.066722,2.318904439596334,-0.2899022742866999,-0.07654282284244622
1744599348.1334176,2.342527915358424,-0.2866587279967808,-0.07916991254540497
1744599348.2001133,2.3513314558518053,-0.2896990954405603,-0.0708681052300019
1744599348.2668097,2.3690528610010353,-0.2868858921133473,-0.07096342550759903
1744599348.3335075,2.388777043599726,-0.28418656300162504,-0.07243193019083399
1744599348.4002051,2.3973942927489427,-0.28777963443696686,-0.06952989220359913
1744599348.4669025,2.412736954474892,-0.28663082669973816,-0.0705476554772155
1744599348.5336003,2.436912011366161,-0.28317707090294486,-0.0725476358382921
1744599348.600298,2.4566882780178183,-0.2784895275810106,-0.07032237744200998
1744599348.666995,2.4778166520088702,-0.272916455592102,-0.0698156264092582
1744599348.7336926,2.501236337213336,-0.2696024312768873,-0.06756325961083323
1744599348.8003902,2.5162223177440923,-0.26861266490299307,-0.06835999828732929
1744599348.8670876,2.527768385428405,-0.2695200777449169,-0.06885244359366664
1744599348.933785,2.5365822939944493,-0.26992065772722423,-0.06819192870733871
1744599349.000482,2.5468267038469135,-0.27021536274680574,-0.06512120079622061
1744599349.0671797,2.5585362911069263,-0.27094306012194574,-0.06515977559445323
1744599349.133877,2.574841222380949,-0.27093725905086163,-0.06540896092733378
1744599349.2005742,2.589510392499853,-0.2694793652605061,-0.06580755662778409
1744599349.2672708,2.6058107669807526,-0.2643478620417453,-0.06225060192765865
1744599349.3339667,2.6357761166208813,-0.2601733185540149,-0.060442317527175396
1744599349.4006627,2.6543785291315087,-0.25669268856179533,-0.06692986839203073
1744599349.4673586,2.6671416065273426,-0.2572849726730482,-0.06259646792929349
1744599349.5340545,2.702952164265992,-0.2547395146406112,-0.061501286971680294
1744599349.60075,2.7237180135235763,-0.25240879356754065,-0.059174250877330165
1744599349.667446,2.732229015465519,-0.2703165842058719,-0.07455727732167225
1744599349.7341413,2.7695114565640475,-0.25520715139480693,-0.055545778199805815
1744599349.800837,2.796787716467188,-0.24676180487693283,-0.056756962039539824
1744599349.8675327,2.8170256654362054,-0.2432626212385105,-0.05609312721118968
1744599349.934228,2.839247808749398,-0.2414244588460271,-0.05562792017955458
1744599350.0009236,2.852339996231682,-0.24266439034277665,-0.055521784781858624
1744599350.0676188,2.8622520034456365,-0.2465148175528325,-0.05267882929910028
1744599350.1343145,2.881670105211252,-0.24668591306268,-0.05164688478731322
1744599350.2010098,2.8967266324441274,-0.24673879496103324,-0.049215324811679215
1744599350.2677062,2.91185368080517,-0.24638545031067588,-0.04663899681644279
1744599350.334402,2.940098885706579,-0.23796436876723148,-0.04537872848830941
1744599350.4010983,2.95169423125134,-0.24111488101250167,-0.04439622641180514
1744599350.4677942,2.9676245508305543,-0.2421588126677739,-0.044744370759533844
1744599350.5344903,3.0055489382204645,-0.22296447223619037,-0.05286089496437758
1744599350.6011863,3.0116767946347087,-0.22902347928719213,-0.046769716876322975
1744599350.667882,3.023667646221594,-0.22895137068659116,-0.037622853082014365
1744599350.7345781,3.044968910719412,-0.2278900015078869,-0.03443648375133414
1744599350.8012738,3.0651568659844086,-0.22298715873639469,-0.031493290370592064
1744599350.8679698,3.0903226076072796,-0.2180961587514353,-0.029583419169306967
1744599350.9346652,3.1145577495952415,-0.21452201341233967,-0.030436886304179577
1744599351.0013611,3.1244021238452993,-0.2191953707194318,-0.03177201195716296
1744599351.0680566,3.133252834328452,-0.21828912482467122,-0.0285827081571253
1744599351.1347523,3.1531912650501934,-0.21607490559804715,-0.026980493516456806
1744599351.2014477,3.1711912488214895,-0.2126813591541596,-0.028212003864875334
1744599351.2681437,3.186785694321791,-0.2117960142714136,-0.027745582807691797
1744599351.3348398,3.2125636440542475,-0.20840717326344066,-0.025625339114682646
1744599351.401536,3.230068471086869,-0.20517519052816985,-0.02116014293133076
1744599351.468232,3.2442834826470888,-0.20450254359062198,-0.018705250312237885
1744599351.534928,3.2744267739913746,-0.20224447499809878,-0.021635507791517777
1744599351.6016238,3.288940399898426,-0.20160269247665707,-0.022131825000887773
1744599351.66832,3.3045484473161606,-0.20017362808993516,-0.020382535770510964
1744599351.7350156,3.3251958367012575,-0.19847822114398517,-0.016857324166415538
1744599351.8017113,3.32079329119996,-0.19682144864582862,-0.0171510233199019
1744599351.8684072,3.3375997041859935,-0.19532681657163653,-0.018766831701873318
1744599351.935103,3.3603221944294295,-0.19249832475341322,-0.021086453782611033
1744599352.0017986,3.3724248032131094,-0.19323235533218147,-0.019692902256459085
1744599352.0684943,3.383077303050747,-0.19436697218379528,-0.01950763989231918
1744599352.13519,3.4011147046700634,-0.1931028035669729,-0.018663273514760683
1744599352.2018855,3.4169490486991276,-0.19170656506094375,-0.021592200904980253
1744599352.2685812,3.4352718348659743,-0.19048553707025162,-0.029373138659133356
1744599352.3352768,3.4731725005316583,-0.1894343349430181,-0.03379723057685646
1744599352.4019728,3.4876896063590577,-0.19235598694924155,-0.03739588792125659
1744599352.4686685,3.5021689827326523,-0.19320209700315794,-0.039768791038631
1744599352.535364,3.521653384379492,-0.19434034844762293,-0.04465903909987166
1744599352.6020598,3.5437065331420583,-0.19234779928318257,-0.04772605811413207
1744599352.6687553,3.5660082926763517,-0.19041750351125086,-0.04980957545881032
1744599352.7354507,3.6057545739493713,-0.18116618016638247,-0.047703742649329264
1744599352.8021462,3.6448002600705873,-0.1704538127871439,-0.0463710251371493
1744599352.8688416,3.6854732412763727,-0.1567028069718105,-0.03908472259999736
1744599352.935537,3.7252419456330137,-0.15121439172665585,-0.030837873317999226
1744599353.0022323,3.755491704296395,-0.1501777573185057,-0.02392585447351662
1744599353.0689275,3.7840160814910226,-0.14539356201489567,-0.021913574524443313
1744599353.1356227,3.8387167634650208,-0.13489888581766202,-0.02197814906110482
1744599353.202318,3.874537481577552,-0.12296676881490454,-0.018892343449836962
1744599353.268995,3.9089768626724406,-0.11570702007883843,-0.018277920309995692
1744599353.3357813,3.95230059247243,-0.10637583324172822,-0.016537622284727296
1744599353.4025686,3.972894889687397,-0.10580368166735127,-0.0162887653030292
1744599353.4693573,3.9898674020607525,-0.10653494777441197,-0.0152784558956012
1744599353.5361466,4.015771717748332,-0.10545815863665298,-0.01148240196517697
1744599353.6029375,4.069758945045549,-0.08307341632774029,-0.01093767473296196
1744599353.6697292,4.104288643306332,-0.07489930282093693,-0.014279881765716332
1744599353.7365222,4.161236661041673,-0.05346542597225401,-0.014134416581952434
1744599353.803316,4.197113374692928,-0.04727689406809388,-0.014049584592003825
1744599353.8701112,4.239686406426132,-0.04207156944264845,-0.022591317366854508
1744599353.9369078,4.27568711176,-0.03449662156555444,-0.030384780799578702
1744599354.003705,4.338949555312043,-0.01951160196258417,-0.03284963404789021
1744599354.0705035,4.395249643276667,-0.0043068274423868624,-0.03607141616501569
1744599354.1373029,4.434749470142297,0.010564316647581729,-0.03846873479062839
1744599354.2041037,4.48701435531164,0.030085472172245997,-0.039850078647605924
1744599354.2709281,4.543837766024317,0.04399165377166658,-0.04837264542131188
1744599354.3376162,4.592843290242671,0.05634058721653379,-0.05204788543725847
1744599354.404304,4.628907156022803,0.0633084561401418,-0.05073895521833853
1744599354.4709914,4.691734870342439,0.0883387558254346,-0.043148505865987966
1744599354.5376787,4.724563708463027,0.09046735480058155,-0.04385266332137576
1744599354.6043658,4.7550403124406655,0.0987569631320726,-0.010818118544023373
1744599354.6710527,4.821910384238921,0.11719547773427563,-0.03526428952719515
1744599354.7377396,4.870087073914827,0.13444357792361006,-0.028555579243074638
1744599354.804426,4.862162054279121,0.12140384408500104,-0.006026084208060143
1744599354.8711126,4.9474924055964795,0.163560709857549,-0.02092574990718084
1744599354.9377985,4.980242157777351,0.17310253689532873,-0.01662778535161277
1744599355.0044847,5.02349428957491,0.187491794125494,-0.01161256601758023
1744599355.0711703,5.055324211085684,0.19591105595538894,-0.00923582701752303
1744599355.137856,5.0952320837891625,0.2063225495600799,-0.00698343351914504
1744599355.2045414,5.1381331240673385,0.2189748234949328,-0.004059731863785904
1744599355.2712266,5.195154992429722,0.23442246852665616,-0.004245332474702292
1744599355.3379138,5.241880901771725,0.25083043044880504,-0.004490692950727761
1744599355.404601,5.2913125215839365,0.28831602476346774,-0.008857608292586229
1744599355.4712882,5.330017104959412,0.2894623066625638,-0.0025332673054077742
1744599355.5379748,5.375146644606152,0.30529374911986673,-0.000645405558102663
1744599355.6046615,5.417570980759427,0.31733542921665725,-0.0007094081416098991
1744599355.6713476,5.472809427970862,0.3320427869453241,0.004356088445357169
1744599355.738034,5.522454839908081,0.3518790606092467,0.010487875630768626
1744599355.8047197,5.601202744971859,0.395395562735134,-0.012546602443485034
1744599355.8714056,5.646990793332832,0.40086334998910955,0.005233892273799005
1744599355.938091,5.709524038581873,0.42916584608731534,0.010450092461788258
1744599356.0047765,5.77109895063547,0.4580412024867476,0.017287764002656584
1744599356.0714617,5.8428245874185825,0.4856843343330718,0.019697180275722505
1744599356.1381466,5.897410463175192,0.5083168444504188,0.025019524838630864
1744599356.2048314,5.966020161911401,0.5452996169886163,0.032671849671444625
1744599356.2715158,6.020272095935413,0.555637563539299,0.0295641094009276
1744599356.3382037,6.069503038510766,0.5732584999981502,0.02720497445398214
1744599356.404891,6.116654014847896,0.5901390433175328,0.03282374164117553
1744599356.4715784,6.173598362557131,0.6082553393300666,0.035997284960423204
1744599356.5382657,6.211663897944515,0.617263291294582,0.0343303385177902
1744599356.6049526,6.248643171318507,0.6253899548898597,0.03660868128105814
1744599356.6716392,6.298872919603612,0.6341462155610825,0.03957720819046906
1744599356.7383258,6.422382213631672,0.7286566006432579,0.05768447902419202
1744599356.8050122,6.407788081297025,0.6791557953046391,0.059502904405365376
1744599356.8716981,6.454882964565882,0.675315413773537,0.0319278316673295
1744599356.9383843,6.5067247342466015,0.6892470557931311,0.03189380825102264
1744599357.00507,6.550169858534566,0.7009049025070196,0.03370765143868325
1744599357.0717556,6.612206544769931,0.7236784899823275,0.054089355940565464
1744599357.1384408,6.650203613221264,0.726350845500887,0.03601130979822298
1744599357.2051263,6.701360446315074,0.7427658715365911,0.03302730862094193
1744599357.2718112,6.794406074219471,0.7863391001990737,0.03117221833612085
1744599357.3384988,6.849375145313231,0.8070761238271885,0.03331594461310418
1744599357.4051862,6.926355503536505,0.8509476495333007,0.03972573854943373
1744599357.4718733,7.0026383626487805,0.8737113450963435,0.04472003110325855
1744599357.5385602,7.060336307017883,0.8961174311044314,0.04457406138183087
1744599357.6052468,7.115151298085421,0.9154806379781314,0.042663822492690975
1744599357.6719334,7.178766483525256,0.9278147014845398,0.046487021923214966
1744599357.7386196,7.237305418505472,0.9528158967221093,0.050844373834157894
1744599357.8053057,7.2832992642083605,0.9643285951305384,0.049341538134070245
1744599357.8719916,7.3445533635349385,0.9797999359497077,0.04949373927839626
1744599357.9386773,7.398229550509553,0.9984035733578679,0.04215444457756769
1744599358.0053627,7.449106402377931,1.0128702404834127,0.04279952939705926
1744599358.0720482,7.508656023093043,1.0285299821266856,0.042891958474846115
1744599358.1387334,7.559819537974098,1.0460052095790626,0.04319868663991605
1744599358.205418,7.614033732403839,1.0605967250477204,0.041075323916242634
1744599358.272102,7.684101839284275,1.082678146798448,0.04264428210421223
1744599358.3387907,7.739895266219397,1.1019096362565333,0.04356843802336545
1744599358.4054792,7.79413051120485,1.1197547858136492,0.042583549319121644
1744599358.4721677,7.861369577890447,1.139916814058164,0.041505528897873095
1744599358.5388563,7.91346668449057,1.1572512174998275,0.04202776610625425
1744599358.605544,7.965593440090703,1.1740128673051173,0.04265166637528893
1744599358.6722322,8.0269344546533,1.1866644546285925,0.042606402778398514
1744599358.7389202,8.086142964842512,1.208620492771853,0.04345522087573046
1744599358.8056076,8.147911951692665,1.228301221328337,0.04300436401747022
1744599358.8722954,8.205284866251867,1.2358862311318957,0.0405285580247705
1744599358.9389827,8.258192489790346,1.253449150797195,0.039784600161755015
1744599359.0056698,8.306835999914746,1.26798495988078,0.04308566343757583
1744599359.072357,8.369410374188222,1.281515724943282,0.04465158916522444
1744599359.139044,8.398869524885262,1.2718673308040187,0.03935436116966466
1744599359.2057304,8.458823558266097,1.2918674368278702,0.03970242408709526
1744599359.272417,8.534377906304655,1.3137369984631575,0.04120328785721317
1744599359.3391054,8.590229513082662,1.3315393093509065,0.0413366521005636
1744599359.4057937,8.657209471011514,1.3586735642465864,0.04107372839599287
1744599359.4724817,8.735125047825276,1.3835714305260582,0.029645660557792473
1744599359.5391695,8.80251191497624,1.4131180114988906,0.03483938806938769
1744599359.6058571,8.86089189014819,1.4338110292810584,0.03578462639196445
1744599359.6725447,8.962506247926035,1.4827444733052015,0.036108940964627495
1744599359.7392318,9.028918938762033,1.5124037456623278,0.03750676053586502
1744599359.805919,9.109429639246494,1.5528035658459132,0.037391944974384125
1744599359.872606,9.186209781065315,1.576331923608361,0.03778912334832912
1744599359.9392927,9.255386031723445,1.6098330063566424,0.033892623302567856
1744599360.0393221,9.341518458628684,1.633596057417956,0.036411740475401466
1744599360.1060083,9.391312308116515,1.6461413242456016,0.036423889679778734
1744599360.1726944,9.45634800100101,1.6622954516636441,0.038933599219269505
1744599360.2393801,9.522684852121515,1.6917741387301115,0.0400731465073981
1744599360.306067,9.582165161401004,1.7178334197157858,0.04420803809716059
1744599360.3727582,9.668834512336218,1.7528870784466082,0.046461944580934875
1744599360.4394488,9.736956090844012,1.7817045821664252,0.050278612259727365
1744599360.5061398,9.81607149841973,1.8206316980121047,0.048808242001444666
1744599360.57283,9.884316087573113,1.8335843583455853,0.0442527101376403
1744599360.6395206,9.946226487475377,1.8555509370924725,0.044336804209865174
1744599360.7062109,10.015004880570423,1.8840133364026403,0.04326413334629135
1744599360.8062465,10.12813700873238,1.9286203401829582,0.04286584707247698
1744599360.8729367,10.206741378481238,1.9551815906284022,0.04292506970830594
1744599360.9396265,10.294440931251849,1.9968000929967387,0.04498900410418476
1744599361.0063162,10.362781271520639,2.02602635225406,0.0457401922668018
1744599361.073006,10.450622631365611,2.0559137946392614,0.04948219067998713
1744599361.1396954,10.518196644771933,2.0866545398278267,0.05242557578230565
1744599361.2063844,10.593678974782692,2.1258409814265633,0.05582222896969326
1744599361.2730713,10.691200191358627,2.165451595679592,0.05603350355940197
1744599361.3397686,10.763226524445377,2.1988016690781875,0.05835845491370342
1744599361.4064658,10.80868363066647,2.207545970425631,0.07771681740372902
1744599361.4731634,10.902118652639803,2.2493521312576323,0.06456738064642718
1744599361.5398605,10.969168094166395,2.2788609247830993,0.0687698055375731
1744599361.606558,11.036322857194422,2.307748133644385,0.0719569743211989
1744599361.6732557,11.130344427049929,2.3362080882086977,0.07305402819173933
1744599361.7399528,11.196533510878727,2.36293441879657,0.07709361877235162
1744599361.8066504,11.260587883853953,2.3876230513725454,0.08375645811783203
1744599361.873348,11.336246877557034,2.4102567012904355,0.08745007210188994
1744599361.9400456,11.396417372543548,2.4317733522714535,0.09188340501341631
1744599362.0067432,11.458043237912502,2.453556395941724,0.09577243419727173
1744599362.0734408,11.529994113205223,2.4702060021159147,0.0855267349396726
1744599362.1401384,11.59774078218626,2.498166847787914,0.1026298321700108
1744599362.2068362,11.665779746419634,2.5252231411346746,0.10728979596295224
1744599362.2735357,11.750189553683173,2.555484318720895,0.11085823575986943
1744599362.3402278,11.821535252184947,2.5862196994923847,0.11358209206381127
1744599362.40692,11.882610383144476,2.606770100268771,0.11301935678136239
1744599362.4736118,11.954543457796134,2.6332280629904705,0.11164982814272899
1744599362.5403037,12.01853360658773,2.661608356697075,0.12121448954822216
1744599362.6069953,12.08066649917614,2.69129403328185,0.12452418357536464
1744599362.673687,12.153669142967363,2.7168890738957314,0.13162583337862785
1744599362.7403786,12.21183050986103,2.7379010231863945,0.12964503966687801
1744599362.80707,12.26211282086528,2.751690103553889,0.133806695481228
1744599362.8737614,12.332012989141582,2.7684511410413815,0.13146897652372427
1744599362.9404528,12.390655754982268,2.7860847208689514,0.12985640374504562
1744599363.007144,12.445211754616182,2.804578654165963,0.1305843176473086
1744599363.0738351,12.531458379029983,2.8360730639910137,0.12800579552498753
1744599363.1405263,12.591865967511795,2.8550748894432494,0.12925104364589235
1744599363.2072172,12.652753182443659,2.873986591438511,0.1256435430732216
1744599363.273908,12.714464073768426,2.891294837654768,0.12500025491923797
1744599363.3406005,12.779172800781422,2.91558428237937,0.13298660191169173
1744599363.4072933,12.843787225362476,2.936180730270045,0.1290967554283334
1744599363.4739857,12.932001864443567,2.9612416475068,0.12041685297522463
1744599363.5406778,13.00127169779744,2.9914813511535288,0.10316373635713028
1744599363.6073701,13.071214785289815,3.0143471524672285,0.09711613761594269
1744599363.674062,13.15233546162762,3.0363396838448655,0.10023352339837718
1744599363.740754,13.215181893882118,3.056385228160981,0.1024555995217214
1744599363.8074458,13.258567455425112,3.0747897289854413,0.09718423857826498
1744599363.8741374,13.331620510043686,3.0925023841794994,0.09493344225487489
1744599363.940829,13.378295089250976,3.0992145184612165,0.09074297700901139
1744599364.0075204,13.41781052456606,3.1021260247197575,0.09950441303955423
1744599364.0742116,13.487760440040441,3.1261191034051126,0.10715087518016315
1744599364.140903,13.564147343896927,3.16445471861636,0.10367344193901114
1744599364.207594,13.608563618039028,3.1704446005338296,0.10727987804185478
1744599364.2742848,13.682734306360258,3.1957762045233764,0.1049815290638039
1744599364.3409753,13.742271649472658,3.223814738481947,0.11283812751236381
1744599364.44101,13.78250500741815,3.213742511241788,0.1555000261430859
1744599364.5077,13.928489289758563,3.325988540358714,0.12656256346882488
1744599364.57439,14.02223697222803,3.3660847411074517,0.12251512058978158
1744599364.6410797,14.090115516110082,3.402343259259348,0.12240445608029961
1744599364.7077692,14.175970049676396,3.4340831014309994,0.12124063835947053
1744599364.7744584,14.241838356323338,3.4598900822554834,0.12361207729770711
1744599364.8411477,14.334079651201915,3.4942226966119825,0.12005681626594965
1744599364.9078367,14.390662715873182,3.5219315743546473,0.12290765823428702
1744599364.9745257,14.487357042053027,3.5574644710301357,0.1414974802049021
1744599365.0412147,14.54323306730139,3.5850010611052228,0.12555090884271916
1744599365.1079032,14.51243637290569,3.530966550172081,0.17766678479138068
1744599365.1745918,14.645233152646037,3.607082508708873,0.13397718588810584
1744599365.24128,14.69518679374442,3.63177569110337,0.1375444372515436
1744599365.3079715,14.764644381484942,3.6600662582057386,0.1392633144139547
1744599365.3746583,14.830483058581452,3.6887475447755276,0.1393969653740919
1744599365.4413455,14.895649864577933,3.7138458964688685,0.1527222879065788
1744599365.5080323,14.945364602274013,3.739581900619704,0.14666947045698053
1744599365.5747187,15.005885550735657,3.766274230510066,0.1495193590864134
1744599365.6414053,15.05883241553002,3.7961587290425167,0.1503018860896121
1744599365.7080913,15.108085948182836,3.822011847233385,0.15082048143415974
1744599365.7747774,15.16697901415136,3.8486931117814724,0.15238709833894062
1744599365.841463,15.217690562331628,3.875381563120008,0.15258446143663465
1744599365.9081488,15.267793589575536,3.9023303287905367,0.15024006172079082
1744599365.9748342,15.326400064722204,3.930071549945508,0.15262835899986207
1744599366.0415194,15.376185335711005,3.95983226429466,0.15694902968134164
1744599366.1082044,15.421408394358483,3.9857291748246344,0.15789573240712723
1744599366.174889,15.47917273829068,4.018419980395243,0.15899319546021098
1744599366.241574,15.517691744281805,4.047411552227209,0.15604919689950547
1744599366.3082588,15.56009673197893,4.071138426089812,0.15295654289700847
1744599366.3749483,15.603426270136094,4.098339377826867,0.1557755693709413
1744599366.4416378,15.644967361622097,4.124935720276061,0.15641010467418245
1744599366.508327,15.686286192031615,4.1560088604431735,0.15743830171296877
1744599366.5750158,15.738626856336898,4.189378031804683,0.15350333021588985
1744599366.6417048,15.774248993769733,4.213834641259661,0.1494236164580485
1744599366.7083936,15.804033374982126,4.2344822828938256,0.152323752279598
1744599366.775082,15.843338936501244,4.260001349013358,0.1580590504963084
1744599366.8417704,15.876665083778224,4.284924818037672,0.157037099978474
1744599366.9084587,15.910741705422033,4.309400461666124,0.1513070939094587
1744599367.0084913,15.964356666357215,4.3476421892431985,0.14941448840054058
1744599367.0751789,16.004261770849762,4.365949638552532,0.15101658641198165
1744599367.1418667,16.020334865334565,4.37635522894821,0.15211929506895086
1744599367.2085543,16.056075496489857,4.394712768329396,0.14979552954597686
1744599367.2752414,16.08849671151096,4.414423920212411,0.14905690382780448
1744599367.3419323,16.120635622820256,4.428330385312318,0.15003847833995648
1744599367.4086258,16.15385020236731,4.447572112896313,0.15233070261917092
1744599367.475319,16.18870333227064,4.463679810926244,0.1523866439358128
1744599367.5420117,16.21803553299365,4.475630980904548,0.15019836864229358
1744599367.6087048,16.24069832051852,4.487435247285323,0.15112046190739944
1744599367.6753974,16.268331114206504,4.500588956750225,0.15331708491313953
1744599367.7420902,16.29434120460526,4.515392993130691,0.1597933182466486
1744599367.8087828,16.30486437788264,4.512902127120698,0.15914987124386676
1744599367.8754754,16.341816081414773,4.5284033578348515,0.1545063456181596
1744599367.9421678,16.364571118800335,4.5409041880333625,0.15481867812561365
1744599368.0088599,16.388174135611493,4.557772626239998,0.16052454540037675
1744599368.075552,16.413688663522866,4.57782126687458,0.165202601307286
1744599368.1422439,16.43083185115057,4.58856975996788,0.1607199259163124
1744599368.2089357,16.448600927194047,4.6009778543043085,0.15669808212768413
1744599368.2756276,16.46432884407002,4.611640443964935,0.15788106265747584
1744599368.3423188,16.488477779577508,4.629061938087596,0.15987598853579232
1744599368.4090097,16.512509621736204,4.647688160206033,0.15668050846379977
1744599368.4757004,16.54411626958276,4.663432282049666,0.15604603216548055
1744599368.5423908,16.568919525602247,4.677860442436207,0.15728981353456642
1744599368.6090813,16.594301227737386,4.6924417165585615,0.15842689953071087
1744599368.6757715,16.628551473103446,4.707800359047043,0.1559456271241609
1744599368.7424617,16.659474661356004,4.728696082316591,0.15631048636740932
1744599368.8091516,16.682689325415627,4.742908526132262,0.15668376477503945
1744599368.8758414,16.70763112384853,4.7557737432171185,0.1572253422315048
1744599368.942531,16.734021421963426,4.772420791363233,0.15859944858273237
1744599369.0092204,16.76221869204083,4.7892305491780185,0.15804703771903994
1744599369.0759099,16.791151315903917,4.80173021683976,0.15606523476220727
1744599369.142599,16.820796712442306,4.819527860575876,0.15778983354802256
1744599369.2092881,16.850382435867978,4.836321791665832,0.15906704593808868
1744599369.2759771,16.88140352864493,4.8524917148886715,0.1598942900538554
1744599369.3426974,16.907644220204254,4.868096605610039,0.16095550580187046
1744599369.40945,16.92865653355552,4.878831884916553,0.15927181150686526
1744599369.476204,16.96222758894648,4.899247403444908,0.1622394601754727
1744599369.5429592,16.993784430855555,4.9175003813845946,0.1658007978540046
1744599369.609716,17.027469469955825,4.937165581976367,0.16673892993864114
1744599369.6764736,17.060601539253398,4.95389011607456,0.16815285992893322
1744599369.743233,17.086110968292505,4.969241917798166,0.1704974821737536
1744599369.8099935,17.13088736040232,5.004566609838139,0.16906674716647457
1744599369.8767555,17.155299626347478,5.019048088732887,0.1729194604484331
1744599369.9435186,17.18220748753174,5.037270424586125,0.17596278353114403
1744599370.010283,17.21514281264404,5.056883596202118,0.1787043816351146
1744599370.0770485,17.275162539445247,5.104334034810249,0.17532107860068732
1744599370.1438158,17.283529245310742,5.100288495516249,0.17536480102530075
1744599370.210584,17.315555071777506,5.117315148676155,0.17622087786425886
1744599370.2773538,17.34149997580914,5.133439226385284,0.17917275062993354
1744599370.3440888,17.364113843163903,5.152049043339221,0.18028292048483469
1744599370.4107895,17.393424819476262,5.167787383407478,0.17785210867154008
1744599370.4774902,17.414441910228177,5.178251055661719,0.17824481792930186
1744599370.544191,17.436738762343268,5.194322985448792,0.18068411858439806
1744599370.6108916,17.473168892624308,5.212288192635519,0.18283175249977554
1744599370.6775923,17.504955949629863,5.229372768120102,0.1831936894677008
1744599370.744293,17.544423864274506,5.255526749545869,0.18728066891995537
1744599370.8109937,17.586567838664187,5.277914371767695,0.1845648601985718
1744599370.8776946,17.6186226660812,5.298733096630365,0.18632699223487756
1744599370.9443953,17.648967896005168,5.317912034260022,0.18936591398254998
1744599371.011096,17.68331550789515,5.335531678730859,0.18757018888445065
1744599371.077797,17.712330423951734,5.350276562197957,0.18526986726258807
1744599371.1444976,17.73376739134964,5.357891167880175,0.18429095466917125
1744599371.2111986,17.766903821061277,5.3746858675441995,0.18682361914422835
1744599371.2778993,17.795124068097994,5.391202211072281,0.1896096049074458
1744599371.3445992,17.824236527481876,5.4104427497182055,0.18957524370152873
1744599371.4112988,17.863002221695467,5.4338313152714655,0.1884100613470786
1744599371.4779983,17.88860824105377,5.44758012765161,0.18756348418063948
1744599371.5446975,17.918963507293252,5.464001689986789,0.1870319424417228
1744599371.611397,17.98303765176478,5.50495268716307,0.18720096565726216
1744599371.6780963,18.022484993115846,5.527585674849677,0.185396564494292
1744599371.7447956,18.0689794847206,5.557597037522425,0.17967703771486795
1744599371.811495,18.109486843637253,5.5782348742676096,0.180944253908335
1744599371.8781943,18.14925322643377,5.6032648271523176,0.18224054005725795
1744599371.9448938,18.18597719937983,5.625553438472659,0.1839579288254316
1744599372.011593,18.234481411609675,5.651107249911499,0.182681989902887
1744599372.0782924,18.28053183214995,5.677669285755489,0.17967613524925188
1744599372.1449916,18.32648104496964,5.703274864431888,0.18555705229271602
1744599372.211691,18.371110401969663,5.724603727675242,0.19206823233672524
1744599372.2783904,18.40785157904445,5.745802726044205,0.19346832970578476
1744599372.3450902,18.44570618605537,5.768319888481475,0.19218494659438984
1744599372.411824,18.494663937328774,5.795469982469937,0.19343343465121346
1744599372.4786737,18.53666659864577,5.8180499321018795,0.19546951956250358
1744599372.545525,18.578977969981704,5.840128644904406,0.19698029913942253
1744599372.6123784,18.628501698176024,5.862397821177884,0.19655057399359982
1744599372.6792338,18.67158008106851,5.88710203313376,0.19839361568284816
1744599372.7460911,18.689254038066725,5.886646109596656,0.19692285709556004
1744599372.8129501,18.755051962479214,5.929577517411975,0.20147866702639233
1744599372.8798113,18.79690162863971,5.9525483182274845,0.2034878947548398
1744599372.9466743,18.84033998972791,5.975711875514816,0.2036418052845676
1744599373.013539,18.886805697790443,5.997916789523237,0.20479813590148313
1744599373.0804057,18.92214250667109,6.0160818051320915,0.20974888072326178
1744599373.1472745,18.95776749167404,6.035388405748159,0.20699085441084064
1744599373.214145,19.004159245895092,6.058120249164828,0.20706351733922773
1744599373.2810175,19.04281500371683,6.081366584446947,0.21038599151573795
1744599373.3478918,19.085862084509227,6.104597336786428,0.21170835792681114
1744599373.4147232,19.142310840112856,6.135562122808856,0.20881336108578485
1744599373.4814036,19.17702303621118,6.153006855713531,0.2098794770346812
1744599373.5480835,19.213932594824648,6.175421945805042,0.21448145823878662
1744599373.614763,19.261237565786736,6.201730360239309,0.21645583377557565
1744599373.681442,19.304783253412523,6.227254114090817,0.21629546717312623
1744599373.748121,19.35802661288288,6.260794560549813,0.20901937643275806
1744599373.8147998,19.40286024804787,6.280756174146848,0.21055992782037417
1744599373.881478,19.443721305356835,6.304185270319026,0.2148960832125838
1744599373.948156,19.47342880533741,6.3183518373608445,0.2158683619915186
1744599374.0148337,19.529519070879285,6.354419368769144,0.2162731879195437
1744599374.081511,19.569937896398084,6.377492207838777,0.21581882258134016
1744599374.1481879,19.610384892236503,6.398823488802949,0.2207522598974049
1744599374.2148647,19.66478654408709,6.425078767737282,0.22427036076158421
1744599374.2815413,19.72006960416015,6.458496029049177,0.21614908943107516
1744599374.3482172,19.768384002131405,6.483833072204967,0.2147410231839565
1744599374.414894,19.821066635032835,6.514189620075961,0.21393883927284607
1744599374.481574,19.856885627953545,6.533638435911536,0.21306031001171322
1744599374.548254,19.901249628481683,6.559982336380191,0.2149963203903437
1744599374.614933,19.952820236050243,6.5846176876662055,0.21418539958634455
1744599374.6816123,20.000281684257185,6.610546171089025,0.2159452393241432
1744599374.748291,20.044379007217678,6.634846378876306,0.21624973771325987
1744599374.8149695,20.08373948100976,6.652000286369678,0.216908357290543
1744599374.8816476,20.132711200161445,6.684497233398387,0.21879566122641209
1744599374.9483254,20.17926004126418,6.71266227502688,0.21770393060170481
1744599375.015003,20.235755219168382,6.740436245965774,0.2192324170804843
1744599375.0816798,20.284496343040097,6.766030139619184,0.21955030638686218
1744599375.1483567,20.338001872775333,6.7963710390578065,0.2213274482749353
1744599375.2150333,20.391541334288394,6.8223610656021565,0.22362786314738411
1744599375.2817092,20.43462673283429,6.847318752881689,0.22430066229965226
1744599375.3483853,20.476514732687765,6.870829815261509,0.22604446267912853
1744599375.4484053,20.549435200624544,6.909928045432061,0.22427847595103806
1744599375.5484328,20.626842711874705,6.948323296409845,0.2226669958825634
1744599375.648459,20.70449717074595,6.992103548317008,0.22688700472355736
1744599375.715143,20.759795499619624,7.0217566030620215,0.22784099018156082
1744599375.781827,20.80972441632484,7.050505582028667,0.22665900434265965
1744599375.8485105,20.863945077913147,7.08041139497749,0.2271660283347934
1744599375.9151938,20.927124813944314,7.109640446432435,0.22764626016352268
1744599375.9818769,20.977957450944707,7.135484269401256,0.23145289763253277
1744599376.0485597,21.023490917646562,7.159081628316978,0.23682846153199058
1744599376.1152422,21.072434781228008,7.182952429279042,0.2379859109388265
1744599376.1819246,21.114460965151057,7.20947723734071,0.23828811332065694
1744599376.2486064,21.162704424995592,7.237190450189153,0.2386510140892655
1744599376.3152883,21.2193404531336,7.262774737626428,0.23907489666781365
1744599376.3819704,21.27157531285098,7.289995310332623,0.24053179266003552
1744599376.4486518,21.32843403964651,7.322832461605762,0.24131627538753211
1744599376.5153332,21.376149659491887,7.341900932699475,0.24247849570560023
1744599376.582014,21.421691711081444,7.366312549841594,0.24284626209227464
1744599376.648695,21.468958381250243,7.391598753448013,0.24216976654926706
1744599376.7153754,21.530580797966337,7.42102138656246,0.24079364983577542
1744599376.7820554,21.57924507357414,7.447784693555561,0.23856902136525834
1744599376.8487353,21.629173601706974,7.473279428402163,0.23979695164307482
1744599376.915415,21.680359970238474,7.495679616504682,0.24070434309386116
1744599376.9820943,21.729868211440802,7.524069287083186,0.23961003573351944
1744599377.0487733,21.778351063271668,7.5526900267780475,0.2398530250730687
1744599377.1154518,21.844640433317245,7.5871847950479525,0.24057475444122559
1744599377.1821303,21.89340825704961,7.611428655117083,0.24305965029474172
1744599377.2488084,21.93708275359275,7.631771710983542,0.2454241556062797
1744599377.3154862,21.988311489187346,7.657981901902299,0.24855095992003287
1744599377.3821633,22.038809719510322,7.686973939594343,0.24711273428334982
1744599377.4488451,22.06333083850428,7.688996463532134,0.24939861943860672
1744599377.5155265,22.14430828856916,7.738367147034068,0.24873389190305753
1744599377.582208,22.19526226880741,7.768620339728721,0.24835341262658586
1744599377.648889,22.245359593003247,7.793935036757371,0.24842901291952615
1744599377.7155697,22.299364737838935,7.817629367727323,0.2477008794939595
1744599377.7822502,22.350764185790293,7.848260502099987,0.2451034502238412
1744599377.8489304,22.3916633274209,7.873083996186636,0.24883078097494352
1744599377.9156103,22.44848588831893,7.900412077060065,0.247548200089634
1744599377.98229,22.496479431655,7.924624742082659,0.24642273495364433
1744599378.0489693,22.54558241902128,7.949802101556412,0.24864601045502863
1744599378.1156483,22.603079006822306,7.978929588952339,0.24932756209015464
1744599378.182327,22.647828866452997,8.003029957164314,0.2514186037033275
1744599378.2490056,22.6980624641652,8.031427081313263,0.24908451010736946
1744599378.3156836,22.758945813818478,8.060396907417958,0.24587096656453125
1744599378.3823617,22.80915926308572,8.088654202695324,0.24668858139284536
1744599378.4490428,22.876241394472704,8.129435652089523,0.24865453317298294
1744599378.5157237,22.938318691327947,8.156233714803223,0.25169010188194313
1744599378.5824041,22.99144716995631,8.184246639173576,0.2521653384866057
1744599378.6490843,23.046077516237972,8.215556017726943,0.24803591453071358
1744599378.715764,22.70347422070097,7.842336157520934,0.2625191816347395
1744599378.7824438,23.158003683893348,8.272307778276176,0.25220264980028995
1744599378.849123,23.214275854613962,8.30327229517709,0.2521557004441422
1744599378.915802,23.28429969791998,8.336780349117122,0.25325365751680284
1744599378.9824808,23.335582292049008,8.363110140697247,0.25347081583898
1744599379.049159,23.38316607838984,8.388517186178452,0.25751073516262996
1744599379.1158369,23.439184881535617,8.41530035951796,0.2583355064501821
1744599379.1825147,23.4850685930917,8.441321985909664,0.2583315119513492
1744599379.2491922,23.53709126146897,8.469072424502174,0.2608379082186139
1744599379.315869,23.59886868909601,8.496293785847591,0.26195374956846906
1744599379.382544,23.65297394313452,8.524275852103619,0.265185099524381
1744599379.4492269,23.704063459151065,8.552164536574235,0.2674244857786351
1744599379.5159092,23.76464289480531,8.582926887964474,0.2702999306099469
1744599379.5825915,23.81338895504179,8.611043289914985,0.27154525085071635
1744599379.6492736,23.864103363144203,8.642102511449917,0.27700437772296077
1744599379.7159555,23.925668675018304,8.678422201502451,0.2815795566402548
1744599379.782637,23.980098274902893,8.714784329552463,0.2829060633449012
1744599379.8493183,24.048762580583322,8.765701350941612,0.2796815826656272
1744599379.9159992,24.099678593153218,8.796877635826496,0.28161982916554296
1744599379.9826798,24.161797445915244,8.841776215753718,0.2829828964525016
1744599380.0493605,24.21188251510218,8.873986596701508,0.28254197660740116
1744599380.1160407,24.283949169878078,8.917721257655273,0.2802933918530693
1744599380.1827207,24.334231693484224,8.94553590169792,0.2771114582885831
1744599380.2494004,24.387757749149298,8.975930510062922,0.2748491579222041
1744599380.3160799,24.44808561667143,9.006192778184953,0.27557612976457274
1744599380.3827589,24.49362425406218,9.031995523631666,0.2738733403517198
1744599380.4494417,24.537950087745212,9.059158993253504,0.27354687824996954
1744599380.516126,24.58829194149249,9.083136619290253,0.2746746297819564
1744599380.58281,24.633002595976528,9.106564381686525,0.2746343356057187
1744599380.6494935,24.66513376630889,9.119393962838437,0.2762326166365983
1744599380.7161767,24.728073298701137,9.15218423950802,0.2734051547420159
1744599380.7828598,24.7741694972391,9.177398902974984,0.2739006176547877
1744599380.8495426,24.82158354793622,9.204745038730595,0.2707369692204368
1744599380.9162254,24.856119591997274,9.211399053146257,0.2742078730826639
1744599380.9829078,24.90624266745556,9.239899990924307,0.27646336898579377
1744599381.0495896,24.95845105543778,9.267757099727174,0.277866245332128
1744599381.1162715,25.02036276510884,9.29638263914127,0.27452741849935963
1744599381.182953,25.05618012247177,9.309110148355465,0.2785565121394261
1744599381.2496343,25.103595216668158,9.336004929467686,0.27925595696733263
1744599381.3163152,25.157816666993124,9.362276337256684,0.2792047384710404
1744599381.3829958,25.207268067197628,9.389077854762974,0.2803344829859917
1744599381.4496758,25.245873233866682,9.405427107609878,0.28244791452078466
1744599381.5163555,25.306935770843996,9.432842374683702,0.2875242405633297
1744599381.583035,25.361074163822117,9.462612911218196,0.2869790113559775
1744599381.6497135,25.377727698182596,9.456967726136366,0.2912121682395763
1744599381.7163923,25.43188663604093,9.480866479459777,0.2904468016946573
1744599381.7830706,25.480886870251304,9.503323945269502,0.2924175177647385
1744599381.8497486,25.519242675229414,9.512726018142946,0.293731634133039
1744599381.916426,25.5967183448818,9.54758490195117,0.2887362412247252
1744599381.9831033,25.651002346139478,9.56927430076336,0.2882086698477328
1744599382.0497801,25.69531409663401,9.584409934525919,0.29010605926228106
1744599382.1164567,25.758676692759035,9.610937728634717,0.29410108314849764
1744599382.183133,25.812910680530614,9.633784233200227,0.2977193962233168
1744599382.2498085,25.872520074742628,9.66299793849211,0.29719475735710216
1744599382.3164842,25.944845523400367,9.691047046098157,0.29285240782115957
1744599382.3831594,26.00060029742353,9.714976506723929,0.2924585196181517
1744599382.449841,26.05798604759057,9.742839986718735,0.2963416086372151
1744599382.516522,26.116486304513217,9.764949886834511,0.2992376282131872
1744599382.5832028,26.17195962991199,9.79168030401615,0.29978378472441647
1744599382.6498835,26.22955715785367,9.819481543497117,0.29907157329630984
1744599382.7165637,26.303579540880513,9.849550897894975,0.2958775570057192
1744599382.7832437,26.363166616511034,9.874999586877804,0.2949325037657828
1744599382.8499231,26.422830574919004,9.90469213498973,0.297175239093985
1744599382.9166026,26.489159967339468,9.931247948788291,0.2978306104959066
1744599382.9832816,26.545577300524,9.959149437997413,0.2924441637558517
1744599383.04996,26.598395388318757,9.985856646604054,0.2924838858302013
1744599383.1166384,26.66729323743421,10.016959121670514,0.29156992868255244
1744599383.1833165,26.723878647945263,10.042704017301105,0.2928416335435201
1744599383.249994,26.78494574223142,10.071138234796905,0.2886794610153023
1744599383.3166716,26.859338362732878,10.10153921165081,0.2826723372439751
1744599383.383349,26.914282263666845,10.127033850643796,0.28711371774062067
1744599383.4500363,26.975341449970117,10.149392856534561,0.29083853647027763
1744599383.5167198,27.028137921393224,10.171191713082923,0.2930013864133612
1744599383.5834026,27.087684919555098,10.198818356656126,0.2900437105499171
1744599383.6500854,27.16089383255892,10.225160085265395,0.2844645735422706
1744599383.716768,27.22417380691102,10.253946822746876,0.2883894078066182
1744599383.7834504,27.28098561089992,10.278212715243255,0.29462788038953414
1744599383.8501322,27.3514523059278,10.307281941073471,0.2962519164994975
1744599383.9168143,27.413781325986715,10.337930910746307,0.29537950257802076
1744599383.9834957,27.47055069065598,10.36383028924581,0.2954858739980098
1744599384.050177,27.54850273608159,10.400256823480717,0.29934016636924193
1744599384.116858,27.608448785712103,10.427354765855716,0.3030159865196647
1744599384.183539,27.67367913277486,10.457392120459318,0.3017031563820483
1744599384.2502193,27.73770012125626,10.475680281667437,0.32090484276682646
1744599384.35024,27.853714535173868,10.537005170126848,0.3051935024010943
1744599384.4169207,27.912739548141214,10.565953843259463,0.3096942466517918
1744599384.4836063,27.98328559505779,10.602926934638946,0.30531835498698984
1744599384.5836341,28.082027511549708,10.642038560810848,0.3067245974424842
1744599384.650319,28.15412096657441,10.670651843077989,0.30738735377536336
1744599384.7170038,28.219346355579972,10.699621106723612,0.3096437239200004
1744599384.7836888,28.283942660990196,10.727340925642139,0.30846140308658976
1744599384.850373,28.358220282106455,10.757005304558945,0.30702141992508375
1744599384.917057,28.361842423731098,10.725541357769727,0.30696365375659923
1744599384.9837413,28.482181201677186,10.809716513048864,0.30817199524546607
1744599385.0504248,28.562380062218114,10.839766886094864,0.3088086423977075
1744599385.117108,28.628638642981446,10.874383258825135,0.30579117082648927
1744599385.1837914,28.698341263118948,10.906402109920496,0.3010051663122965
1744599385.2504745,28.778957056323506,10.938698029536113,0.3036768223059441
1744599385.3171573,28.84532023830839,10.969957583939653,0.3078421385590313
1744599385.3838396,28.906084052348664,11.0015713617853,0.30779656448911097
1744599385.450525,28.98304713257909,11.02977358072769,0.3033757369663971
1744599385.5172138,29.05587125064689,11.066044602729386,0.3036632300447268
1744599385.5839024,29.123114717107196,11.097023161655343,0.30441310820441103
1744599385.6505907,29.191424375209227,11.131332695236246,0.30552311891979134
1744599385.7172787,29.26142089809432,11.16704127249525,0.3041459611975154
1744599385.783967,29.324503626815403,11.19762449055245,0.3038450475156216
1744599385.850655,29.3934236718604,11.224843797278474,0.3037245396705446
1744599385.917343,29.454216480127933,11.254089665486056,0.30635711064594184
1744599385.9840307,29.506046183528365,11.284652657913833,0.3048405074087641
1744599386.0507183,29.580965588936852,11.317395054383029,0.30439418034716587
1744599386.1174057,29.63610686764924,11.341711454635625,0.3030741930423955
1744599386.1840932,29.685417331255383,11.367969933656513,0.3049241502168493
1744599386.2507806,29.747757580638165,11.394044330091267,0.3071242933392065
1744599386.3174677,29.803176177643643,11.422270154666894,0.3070174189175201
1744599386.3841548,29.856764617719367,11.44854757933612,0.3053245667940244
1744599386.450844,29.91413476193537,11.475347404542333,0.3063931682903876
1744599386.5175352,29.96186997228121,11.4975162988283,0.3085539070082777
1744599386.5842264,30.00400246379486,11.513397077845047,0.311035989460518
1744599386.6509175,30.06490943933401,11.537126682515792,0.31076844375483237
1744599386.7176085,30.118615884452254,11.55608440089603,0.3065875670818253
1744599386.7842991,30.16753093977071,11.576693355456309,0.31065539698875705
1744599386.8509896,30.223414729106985,11.594507446539245,0.3124021907926675
1744599386.91768,30.275651554341408,11.61696291915511,0.3130675121563388
1744599386.9843705,30.335868162476867,11.640550358004264,0.3120825484911661
1744599387.0510604,30.398959241910728,11.6634491599378,0.31223485606493384
1744599387.1177504,30.444222967420856,11.67845770036081,0.3144691927470209
1744599387.1844404,30.49876184310793,11.702384095895507,0.3136020578545808
1744599387.25113,30.57357123999221,11.734776698448126,0.3127772983899087
1744599387.3178196,30.630070665635262,11.760577021244702,0.31260154927066136
1744599387.384509,30.685106549376965,11.785447115639395,0.3142718794711284
1744599387.451199,30.752919627186735,11.812396347340808,0.31570040260998716
1744599387.51789,30.815648799350722,11.840753226418435,0.31440156892132193
1744599387.5845807,30.87413607196719,11.867140435712667,0.3132669336694611
1744599387.6512713,30.93781758396747,11.889944339520397,0.31371864260445886
1744599387.7179618,30.985065974032747,11.90745295348253,0.3173142967460354
1744599387.784652,31.044839241978803,11.93652515478098,0.31672436353497935
1744599387.8513422,31.11217311969246,11.961890367833714,0.314270625376939
1744599387.9180322,31.169748318493998,11.988289457571591,0.31437805010276165
1744599387.984722,31.222872974512068,12.011220423601523,0.31390971678423557
1744599388.0514116,31.2545756118783,12.003493275168964,0.30799239889160107
1744599388.1181014,31.33589411451547,12.053223075581771,0.31616212061548155
1744599388.1847906,31.389466038191387,12.077303280618391,0.3156903232092152
1744599388.2514796,31.457634388612966,12.107003916811367,0.31620880309445054
1744599388.3181686,31.509527573607826,12.13062570100937,0.31712911053199344
1744599388.3848577,31.55960001213942,12.15922181230008,0.31753797967008063
1744599388.4515789,31.61835944372495,12.17988844123342,0.3175699351745356
1744599388.5183473,31.667971237454843,12.200516752823491,0.31784625268806416
1744599388.5851173,31.713638757340114,12.221319335951607,0.31885965118451143
1744599388.6518896,31.777209055386457,12.245595842599375,0.3183004906694023
1744599388.718664,31.82906127941171,12.267872491514643,0.3190451458031988
1744599388.78544,31.886418946398944,12.295706299513846,0.3195527363397848
1744599388.852218,31.94619373254977,12.316590192446787,0.3195840434422223
1744599388.9189978,31.99964405261246,12.340959599663828,0.31966976509168704
1744599388.9857798,32.02260022669531,12.331645815064729,0.3107706165675157
1744599389.0525634,32.10766386641859,12.380704591148774,0.3188015384884094
1744599389.1193495,32.151459808476716,12.399635042115568,0.32025313432703933
1744599389.186137,32.191397749799755,12.419494417354159,0.3207050625492215
1744599389.2529266,32.23503731012797,12.435343679422466,0.3197426489131243
1744599389.3197181,32.26692068539689,12.453329091187582,0.3179210015882312
1744599389.3865116,32.2911756362521,12.46639636460106,0.3176859574470977
1744599389.453266,32.30978729776579,12.479904350017138,0.3183160168317663
1744599389.5199647,32.3156064954152,12.487538512143539,0.3195989736408908
1744599389.586663,32.321848662626934,12.496983307945325,0.3205664293353189
1744599389.6533618,32.322349619279564,12.501682135944698,0.3203557934422126
1744599389.7200606,32.368570312586826,12.50303520320693,0.32029890277408546
1744599389.7867591,32.36538692286397,12.50245605145914,0.3207417826096437
1744599389.8534577,32.361902940956845,12.501967168727669,0.32093292155034553
1744599389.9201562,32.359997487884705,12.500952140340692,0.32047589274158755
1744599389.986855,32.35792234199659,12.498868898247503,0.32009442555637335
1744599390.0535536,32.38929397020889,12.496763939047218,0.32014351579057554
1744599390.120252,32.387397037373155,12.494867104098546,0.3201674364939438
1744599390.1869504,32.38547113175728,12.492934707826198,0.319863686679004
1744599390.253649,32.386419377864335,12.490868654666444,0.31974293551393046
1744599390.3203475,32.384616755636664,12.489065607637723,0.3197399482850022
1744599390.387046,32.38278540721014,12.487237324313078,0.3199107424267703
1744599390.4537458,32.38118855237968,12.485637068327229,0.3197577252644092
1744599390.520447,32.37981354237493,12.484260715537701,0.31970481826226677
1744599390.5871484,32.383671091982194,12.483216188752502,0.31966282246991107
1744599390.6538496,32.38271637248211,12.482258789539026,0.3195392790911964
1744599390.7205508,32.38168569610064,12.481226505332497,0.31946977608417315
1744599390.7872522,32.38069119632598,12.480231240990811,0.31944180639977077
1744599390.8539534,32.3814149761192,12.479345804346735,0.3193768783540729
1744599390.9206548,32.38062220178323,12.47855123184845,0.3192956137901281
1744599390.9873562,32.38001632569544,12.477944300372398,0.3192493404696543
1744599391.0540574,32.37945892274971,12.47738535579674,0.31917845645883675
1744599391.1207588,32.3803054460526,12.476831945448012,0.31917321947778415
1744599391.1874602,32.3790922161214,12.475618173131133,0.3191585310633349
1744599391.2541616,32.37852748305084,12.475047840200416,0.3188864318692919
1744599391.320863,32.377874422728226,12.474393057506404,0.3188075988524098
1744599391.3875644,32.37745748203057,12.47398427477026,0.31921647006606446
1744599391.4542642,32.37920577025092,12.472842247664996,0.3196795930900754
1744599391.5209622,32.3814102713348,12.475060161932214,0.32032382521562835
1744599391.5876603,32.386392135416045,12.480062309075029,0.3212828510023125
1744599391.6543584,32.403360223669694,12.495183924711474,0.32378385812767735
1744599391.7210565,32.41803028452796,12.509831371277102,0.3225070195327205
1744599391.7877543,32.43832101624294,12.530120456830385,0.3222216751798514
1744599391.8544526,32.546324413568534,12.554178291559895,0.32276608072333307
1744599391.9211507,32.55746260491235,12.53667736941766,0.3204070927391009
1744599391.9878485,32.67600599979497,12.623698817218148,0.32241478285542624
1744599392.0545468,32.760883828974556,12.660185449780945,0.32021010525467386
1744599392.121245,32.83119161275352,12.69598875202446,0.31908508889404363
1744599392.1879432,32.901672675968605,12.731990765331858,0.31983844929859256
1744599392.254641,32.98048092473982,12.765689171781657,0.32036054195616254
1744599392.3213391,33.04745655020631,12.799286671936883,0.32040078554631424
1744599392.3880374,33.11178929928097,12.830946780739257,0.3212498434700569
1744599392.4547348,33.18326213424215,12.861224550053139,0.3215956511617999
1744599392.5214307,33.24151624806941,12.889602189881272,0.3239184544635846
1744599392.5881262,33.29871909380663,12.916731289119497,0.32569556597879085
1744599392.654822,33.36503064720806,12.944160820320604,0.3263027970251393
1744599392.7215176,33.42371253270345,12.972657235919117,0.3255846937209447
1744599392.7882128,33.47149531672821,12.99247411179814,0.31001366410476017
1744599392.8549085,33.540236591830656,13.023568352710418,0.3227887451685358
1744599392.921604,33.59571821209306,13.050111265771266,0.325232926678
1744599392.9882994,33.653955785053725,13.078193948026492,0.32462607700058993
1744599393.0549946,33.72479640699884,13.107029927548744,0.3224058206684102
1744599393.1216898,33.78469573780974,13.13520341138152,0.32552562942020413
1744599393.188385,33.84227205988755,13.163779928788106,0.3287894159707084
1744599393.25508,33.910189227406754,13.187876146717793,0.33182874253121486
1744599393.3217752,33.979927802692856,13.224018866386704,0.3257979666604142
1744599393.3884702,34.044299070775686,13.254885626276556,0.3247500239802557
1744599393.4551659,34.11606679434979,13.284312104332583,0.3237955623285102
1744599393.5218613,34.17714040893495,13.310970059150856,0.3225912314494572
1744599393.5885568,34.242162078164014,13.341580284830892,0.3211712856599411
1744599393.6552522,34.318030949590465,13.372669444465433,0.32142045779595957
1744599393.7219477,34.34815643575165,13.3730298625325,0.31710928770698016
1744599393.7886431,34.437831196458674,13.429327334612518,0.322740323061735
1744599393.8553383,34.51208818674776,13.45854127654418,0.31985705688998955
1744599393.9220335,34.573250150943764,13.486159607237658,0.3175705987871731
1744599393.9887288,34.62643207271737,13.512749264440048,0.321989295392158
1744599394.0554237,34.692674269068526,13.53552031947324,0.31748124723930404
1744599394.122119,34.759268217535265,13.569681888857243,0.31985736720116287
1744599394.188814,34.82106341037052,13.599485369742917,0.3135932073035887
1744599394.255509,34.88009091903632,13.62577761630568,0.31778565279904447
1744599394.3222036,34.93920937019531,13.653332446115655,0.32989142990539866
1744599394.3888986,35.001576883908136,13.681741904680125,0.3308124464144905
1744599394.4555948,35.081288525950505,13.713438639074868,0.3167101282938455
1744599394.5223174,35.135259469117536,13.731273938538607,0.3195859189453683
1744599394.5890994,35.186968284544186,13.758584440561231,0.33447437603890146
1744599394.6558826,35.263976751552924,13.788680169740834,0.3385610804067859
1744599394.7226667,35.33566589757568,13.825305288237912,0.33403596294046267
1744599394.7894518,35.40867040933785,13.86896310936847,0.324132648238451
1744599394.8562384,35.47192091504405,13.888826371946845,0.3305212582524087
1744599394.9230256,35.5325140647271,13.916884052080391,0.3395348444403326
1744599394.989814,35.593252721998645,13.944177449548986,0.3422119787818222
1744599395.0566032,35.66473276055387,13.975975443535985,0.33792111785387646
1744599395.1233938,35.737617647461505,14.015163790019736,0.33757426869037055
1744599395.1901853,35.8110663335968,14.043454094470816,0.3404943918805555
1744599395.2569778,35.87671930250683,14.075305361650345,0.3403216115212732
1744599395.3237712,35.90720206998652,14.077890469595106,0.3353069247997506
1744599395.3905659,35.987559786364656,14.113451904372752,0.35293263519748375
1744599395.4573615,36.031012279832666,14.122140134731415,0.35484486352892747
1744599395.5241265,36.103191941938455,14.15897612642983,0.3515779605398058
1744599395.5908134,36.18538480468757,14.196755087402112,0.3492626936624745
1744599395.6575003,36.26802189887357,14.243499711178968,0.3489932206762075
1744599395.7241867,36.3166313450243,14.256132244887407,0.3560078720171934
1744599395.7908733,36.398399178371655,14.289620453738722,0.3456804127714439
1744599395.8575594,36.45272946827968,14.307504976915409,0.3432553392908938
1744599395.9242454,36.511810412468925,14.331750361261733,0.3440949993748793
1744599395.990931,36.599936267606196,14.369467833539458,0.3363399231174517
1744599396.0576167,36.65303386938371,14.385179600678782,0.3313320192783058
1744599396.124302,36.72085712603853,14.418785412019949,0.3355055941505146
1744599396.1909873,36.8179686460014,14.46611536925327,0.32382376626105774
1744599396.257672,36.8370328612057,14.45018000306639,0.3461294065239636
1744599396.324357,36.90234676561815,14.475911180667477,0.33919482581604554
1744599396.3910415,36.97115576188297,14.49813210306555,0.3396123228972919
1744599396.4577258,37.031922402795864,14.521465513969162,0.3426466657346343
1744599396.5244117,37.08477450814505,14.544672354033478,0.3511590100710974
1744599396.5911005,37.166598374265305,14.574687272809754,0.3419410407220232
1744599396.6577888,37.22287647144958,14.602606809670897,0.3447511963650853
1744599396.7244773,37.28047949342716,14.623789920632424,0.35517997518255445
1744599396.7911656,37.344504219628426,14.646080749657848,0.3532865260452508
1744599396.8578537,37.40351612499966,14.669158632163455,0.3502305311849012
1744599396.9245417,37.455410609932315,14.685040776424666,0.35406099113465306
1744599396.9912295,37.535012625372815,14.707939657663905,0.3475083706589857
1744599397.0579169,37.58660828659039,14.724466889077407,0.34910869776600617
1744599397.1246045,37.64377868589458,14.752556254167272,0.34830050252484906
1744599397.1912918,37.67025748991735,14.74405149083188,0.34849130517391025
1744599397.2579787,37.75278749145744,14.792604491034515,0.34953266978141884
1744599397.3246658,37.78245429119079,14.794720455029273,0.3553449539589426
1744599397.3913527,37.86902528672459,14.835259232241283,0.34693445889200897
1744599397.4580393,37.908861661201186,14.842205906909575,0.3474485759586378
1744599397.5247269,37.95884895675963,14.860902046628107,0.35371713950884964
1744599397.5914145,38.02891307445855,14.886526302534042,0.3499662009665383
1744599397.6581023,38.076603418752256,14.902632293230342,0.3502613300142684
1744599397.7247899,38.11192003743989,14.9076038962689,0.35352742331467674
1744599397.791477,38.17682459532918,14.932180271602109,0.35164021264922
1744599397.8581643,38.17177639293444,14.898606988713105,0.3484083507958204
1744599397.9248512,38.26968754918305,14.965169162224216,0.35043308178522886
1744599397.9915378,38.326553146822135,14.98186885639636,0.34953593806122574
1744599398.0582244,38.36566118463064,14.99028546167265,0.34956973452009554
1744599398.1249108,38.41670807024211,15.01154469456474,0.34765063360214904
1744599398.191597,38.44134954126074,14.997767696959803,0.35135758036743286
1744599398.258283,38.50654852971159,15.038499376193593,0.34474842590357174
1744599398.3249688,38.52365596890943,15.026818293317582,0.3447454472443857
1744599398.3916543,38.59655754850105,15.065337163244381,0.3430784626247098
1744599398.4583397,38.61801466545059,15.058036328793085,0.346005780709195
1744599398.525026,38.652520116845885,15.086378031976576,0.34245423509202144
1744599398.5917144,38.667281903642966,15.065787976369151,0.3529729387730959
1744599398.6584024,38.73299614289938,15.104011337237875,0.34399550812548724
1744599398.7250903,38.76217631367597,15.108177682025245,0.3491365240768458
1744599398.7917778,38.805977248495516,15.11993777278159,0.34525229084341064
1744599398.8584654,38.70614495205403,14.9955751813956,0.3438713968564388
1744599398.9251525,38.87778068405708,15.142105759140888,0.34250734264811744
1744599398.9918396,38.901240142514766,15.13413856190148,0.35231129388200727
1744599399.0918703,38.97255457078665,15.162580844471245,0.34145028039603414
1744599399.158557,38.98055180218143,15.146688080484651,0.341834710713439
1744599399.2252433,39.03206449358537,15.172376586919222,0.3402740754466018
1744599399.2919297,39.06145476967256,15.170696703047366,0.3468851177806138
1744599399.3586156,39.10093673288437,15.186879253578313,0.3389085624071995
1744599399.4253016,39.12693904080896,15.188067076467652,0.3369699472272845
1744599399.4919865,39.165608067403525,15.197006672507122,0.3344689883904728
1744599399.5586746,39.189584484655306,15.199186477539712,0.3344019922073186
1744599399.6587057,39.23741166922904,15.209173686575236,0.33115423063539584
1744599399.7587376,39.27260720138044,15.208666837240541,0.32962752711763466
1744599399.8254251,39.29262838685457,15.208610061471006,0.33079233112535067
1744599399.892112,39.322171350867734,15.210475022389826,0.33358492633850706
1744599399.9587991,39.34391972045868,15.212035500005996,0.33390095950871423
1744599400.0254855,39.36691647691425,15.216762212351373,0.32880030330217946
1744599400.0921724,39.39092071938,15.217070387668647,0.3288669585403539
1744599400.1588585,39.40643126685163,15.216176333598185,0.3290502703831551
1744599400.2588873,39.434883607798405,15.215925083401713,0.3284981163081461
1744599400.3255732,39.447897158963265,15.215334084039155,0.32710416587825997
1744599400.392259,39.468407274008946,15.21514517929662,0.3281079109781591
1744599400.4589443,39.482650401906795,15.21351930055634,0.33119589501405433
1744599400.5256314,39.49490056851885,15.21109610782679,0.3318245062568799
1744599400.6256635,39.51687179238668,15.207129864202516,0.3291318447339155
1744599400.7256944,39.53631275602073,15.199117377590024,0.33359395726816593
1744599400.7923815,39.55546385859716,15.193892000035465,0.3353746437954795
1744599400.8590686,39.57034697186404,15.190766589148833,0.33490585771708065
1744599400.9257555,39.601487257726205,15.202928745673253,0.33629049260384686
1744599400.9924424,39.61438077144903,15.188737587380794,0.33789182677912555
1744599401.0591292,39.62221928341184,15.178585383052805,0.3391384836531918
1744599401.1258154,39.62974691738895,15.169597957222166,0.338397020727038
1744599401.1925018,39.639880961933706,15.159916949092517,0.33793744183390206
1744599401.259188,39.641538185225876,15.150635410580493,0.3343033039119562
1744599401.3258739,39.639823146962456,15.136692923540746,0.33283730947206097
1744599401.3925595,39.63403560619226,15.123184754631703,0.33174841381186293
1744599401.4592454,39.630128494627755,15.108934969265343,0.3294291098505706
1744599401.5259314,39.621753392565275,15.093387445460856,0.3295695715795985
1744599401.5926201,39.62145333918254,15.079287647082335,0.3313883381639468
1744599401.6593087,39.63021489043664,15.073805010670913,0.3343295330538544
1744599401.7259967,39.62784558233584,15.058948721851431,0.3350927442674373
1744599401.7926848,39.63813458751526,15.051654805590356,0.3331238543502246
1744599401.8593726,39.63955317562558,15.034620454791352,0.3339830814162225
1744599401.9260602,39.64666904456505,15.028168669233962,0.3356480540545152
1744599401.9927478,39.655045836942115,15.016835726231951,0.340539005799759
1744599402.0594354,39.65802964139174,15.006610441721328,0.3389142011007801
1744599402.1261222,39.66803196393721,15.00260863759661,0.33736540396809994
1744599402.1928093,39.673030394682655,14.987838439798688,0.33760858663813825
1744599402.2594962,39.684006452030424,14.985854975864795,0.3410221722542772
1744599402.3261828,39.679416075511966,14.967920110381623,0.3438737777485953
1744599402.3928692,39.68683432586418,14.956342332289271,0.3422854396036079
1744599402.4595554,39.698228259349094,14.952987096112427,0.33790466498843846
1744599402.526243,39.697290166573836,14.936664073053233,0.3402198997265984
1744599402.5929353,39.69750895414071,14.918568606771343,0.3473879741408107
1744599402.6596274,39.70697105327217,14.914373843563252,0.34318509766535316
1744599402.7263196,39.75801919658808,14.95205514415684,0.3557943920499079
1744599402.7930117,39.70002855484693,14.874619778943709,0.3395602268315276
1744599402.8597038,39.7049215705791,14.866108686407715,0.33954817231179363
1744599402.9263957,39.70744889404007,14.852775515807076,0.34368492389519995
1744599402.9930875,39.72828990760201,14.846932485429024,0.34350652999185977
1744599403.0597794,39.829889547276046,14.927995312599752,0.3186318045769034
1744599403.1264713,39.774712158873015,14.851898745020401,0.3298169261790139
1744599403.1931627,39.80988854661991,14.858176785671334,0.3304576674352627
1744599403.2598543,39.83136071825254,14.855711158871214,0.335795362839632
1744599403.3265457,39.874323507081975,14.873275732600451,0.33608892440097954
1744599403.393237,39.91807717642568,14.883156973703613,0.335787781052904
1744599403.4599285,39.94099657559726,14.883174900749868,0.3337175096996893
1744599403.5266201,39.97040032117365,14.887488739998497,0.3328676886798346
1744599403.5933132,39.98860177680046,14.879522463919264,0.3343827873524302
1744599403.6600063,40.01502030565931,14.88073014885297,0.3395731202103149
1744599403.7266994,40.03884244519546,14.878535581436685,0.3385696750316096
1744599403.7933924,40.07521315871484,14.87989697373239,0.33697176369738263
1744599403.8600855,40.09986955827248,14.877788575929836,0.3396652802915702
1744599403.9267783,40.12836510372247,14.880000290892305,0.3407498888013203
1744599403.993471,40.15258305827908,14.875115152533763,0.3407616038632963
1744599404.0601637,40.16837120409708,14.870293569659013,0.34048589685845027
1744599404.1268563,40.18625244542483,14.866885011636256,0.34044534430505624
1744599404.1935492,40.212212372777444,14.86413647842529,0.3411802788449383
1744599404.2602415,40.23159419100728,14.861597634284948,0.34674065400454257
1744599404.326934,40.25002518219325,14.857866487632107,0.34930278379941115
1744599404.3936265,40.272089340638104,14.853426814137523,0.34767890721989875
1744599404.4603188,40.28492731433252,14.847176589505711,0.34819728922325416
1744599404.527011,40.303891694744614,14.846753286380471,0.3561441164957962
1744599404.6270454,40.33330827781222,14.840109556067834,0.3514386200836684
1744599404.6937346,40.35804143865839,14.83741292925348,0.34909897699296516
1744599404.760424,40.384172341076344,14.83993221611903,0.34800781328871055
1744599404.8271127,40.40191033697034,14.836856387426401,0.34692593438080316
1744599404.8938015,40.42217252662241,14.832334300627066,0.3492636503498314
1744599404.9604902,40.436653263408424,14.827881133262318,0.3492219468776533
1744599405.0271788,40.45570399495061,14.827253863795116,0.3511990856778807
1744599405.0938668,40.47706413150709,14.822317681934626,0.351698378803552
1744599405.1605551,40.494950225682125,14.82020959062299,0.35277045441002763
1744599405.2272432,40.51298569096576,14.814669691549902,0.3529449774663507
1744599405.2939312,40.558050502480924,14.834650621502359,0.35323885629981605
1744599405.3606186,40.548289595253415,14.80649944616067,0.35358559773320963
1744599405.4273064,40.55948349344998,14.799583813297723,0.35374249913721384
1744599405.4939938,40.58221947983668,14.794524612569933,0.35511353802797563
1744599405.5606818,40.60344287884738,14.79567333153755,0.3577249559174783
1744599405.6273699,40.61836643093312,14.790884322921652,0.35704212598631874
1744599405.694058,40.63646882009377,14.785985340527947,0.35611666772978795
1744599405.7607455,40.64331830327515,14.776471648385018,0.35783955143273255
1744599405.8274333,40.65603497291225,14.773804855552859,0.35960769311200086
1744599405.894121,40.67317566552213,14.770246032814795,0.3611195489730689
1744599405.960808,40.686306700462815,14.768099651607722,0.36361312862702727
1744599406.0274954,40.701256269055484,14.763397860129693,0.36524073492997433
1744599406.0941825,40.718470824469705,14.76141498361783,0.3652011006215773
1744599406.1608691,40.72109123134338,14.751903784055774,0.3616477311093005
1744599406.2275558,40.725478206095644,14.74529589305102,0.36187912231787606
1744599406.2942421,40.73845040964766,14.737141919292041,0.3638253258933024
1744599406.3609288,40.73977635687137,14.728980500838242,0.36531731938143613
1744599406.4276147,40.736835781493134,14.716622518842719,0.3626965925262876
1744599406.4943008,40.749245109172826,14.707055417138779,0.3619913017423033
1744599406.5609949,40.75416682658189,14.701203032990296,0.3632106097613188
1744599406.6276886,40.75502056436043,14.691399701582547,0.36479095786459703
1744599406.6943827,40.763451542508975,14.686082977805961,0.36841551496888575
1744599406.7610762,40.76628617229141,14.677202750449359,0.36761865917179093
1744599406.82777,40.7730033607738,14.671617493106345,0.3675951315166885
1744599406.8944635,40.78725240608687,14.667001691195301,0.36974899192945193
1744599406.961157,40.793116019566995,14.661388460645389,0.37189640291577714
1744599407.0278506,40.792578275537835,14.650919218878462,0.37000566802357854
1744599407.094544,40.795652664861706,14.642196556508372,0.36909889956486464
1744599407.1612372,40.79929829153852,14.635514503380325,0.3692643204381539
1744599407.2279305,40.80267644952524,14.627092038114622,0.3694958478696621
1744599407.2946239,40.81113127205005,14.619042267400316,0.3700047265032537
1744599407.3613172,40.81727978945689,14.612890023559208,0.37020714676759275
1744599407.4280102,40.825084534885384,14.605073911938153,0.37044448782657763
1744599407.494703,40.83263020364082,14.59764828125662,0.3723696872591227
1744599407.5613947,40.833758150206194,14.589487224845413,0.3729599481219476
1744599407.628086,40.83524587231851,14.581488288324865,0.37351940996235267
1744599407.6947775,40.84059747124073,14.575896138086492,0.3718087834994875
1744599407.7614686,40.842934666030146,14.568728616456665,0.37135152665469023
1744599407.8281596,40.84552676716499,14.562930172042165,0.37291760278554936
1744599407.8948505,40.84837998994627,14.556903901218265,0.37478438229591315
1744599407.9615414,40.84102343706579,14.546636484401066,0.3745471258781695
1744599408.028232,40.833441395658426,14.536944596176037,0.3726862866905659
1744599408.0949225,40.826611822018315,14.527212985344534,0.37178604949203936
1744599408.161613,40.819891339451495,14.517335188190387,0.3744291657632407
1744599408.2283034,40.81574718702093,14.5087594445726,0.3724642996781037
1744599408.2949936,40.809484883828375,14.499221726838964,0.37239134508511207
1744599408.3616836,40.80146424525237,14.489910743119083,0.3733485313955699
1744599408.4283736,40.790105733822315,14.478740960199039,0.3727072458289339
1744599408.4950633,40.7782371112582,14.46969455904365,0.37460517559804213
1744599408.5617552,40.770091825052376,14.46206186754779,0.37677912554941256
1744599408.6284466,40.764304613071445,14.455889656971815,0.378714146520141
1744599408.6951377,40.75970688768737,14.451499114568842,0.3794708109637614
1744599408.7618287,40.7763317640753,14.447247791854172,0.37920139972808486
1744599408.8285196,40.77273233332047,14.444752030755536,0.3795953183278893
1744599408.8952103,40.76992910616675,14.443048989605506,0.38002806343540135
1744599408.9952457,40.769549190224495,14.442668411171251,0.3799820059768802
1744599409.0619361,40.78746631446998,14.443517776704585,0.38013285438087746
1744599409.128626,40.7878482890743,14.44390082562585,0.3802095065695143
1744599409.1953163,40.78804226601354,14.444090981015277,0.379926365430031
1744599409.2620065,40.79599517522356,14.445048914036901,0.37974299125439176
1744599409.3286963,40.797621719623564,14.446675019035112,0.37969954888511503
1744599409.395386,40.79921885086766,14.448271885545616,0.379669193612892
1744599409.4620757,40.80043356673539,14.449483715993031,0.3794481123445258
1744599409.5621135,40.80303908057909,14.449486536229807,0.37893181706797957
1744599409.6288083,40.80617048491874,14.452616901076075,0.3788339440989945
1744599409.6955035,40.80767217036971,14.45411733839003,0.37873175109142254
1744599409.7621982,40.80943003922655,14.455874060193707,0.3786352821782947
1744599409.8288932,40.813290079270104,14.457345816494946,0.37847331283004376
1744599409.8955877,40.814500898687946,14.458554446923628,0.3783035425950246
1744599409.9622822,40.81567889576683,14.459729045180934,0.3780447845134622
1744599410.028977,40.81695367773129,14.461001528991837,0.3778666400006588
1744599410.0956712,40.81940725223232,14.462261857000685,0.37774828549362005
1744599410.1623654,40.820457862332006,14.463310497083453,0.37759577139564615
1744599410.2290597,40.82156124295976,14.464414079258233,0.3776031695781393
1744599410.295754,40.82259932455641,14.46545003625352,0.3774393642061769
1744599410.362448,40.82467249224416,14.466419012962573,0.37721618868724244
1744599410.429142,40.82540327578767,14.467146217593454,0.3769473875364447
1744599410.495836,40.8262709343067,14.468013500105691,0.3769137886674948
1744599410.5625522,40.8268227388989,14.468563826429435,0.37680110402547995
1744599410.6292908,40.82743390028454,14.469364794712858,0.376546351048762
